{"cameraMode":{"drawMode":0,"name":"Shaded","section":"Shading Mode"},"sceneLighting":true,"audioPlay":false,"sceneViewState":{"showFog":true,"showMaterialUpdate":false,"showSkybox":true,"showFlares":true,"showImageEffects":true,"showParticleSystems":true},"in2DMode":false,"pivot":{"x":156.0797576904297,"y":409.765625,"z":1000.0000610351563},"rotation":{"x":0.18737715482711793,"y":0.33829817175865176,"z":-0.06892148405313492,"w":0.919623076915741},"size":984.618408203125,"orthographic":true}