{"cameraMode":{"drawMode":0,"name":"Shaded","section":"Shading Mode"},"sceneLighting":true,"audioPlay":false,"sceneViewState":{"showFog":true,"showMaterialUpdate":false,"showSkybox":true,"showFlares":true,"showImageEffects":true,"showParticleSystems":true},"in2DMode":false,"pivot":{"x":156.0797576904297,"y":409.765625,"z":1000.0000610351563},"rotation":{"x":0.1805662363767624,"y":0.3890259563922882,"z":-0.07804295420646668,"w":0.8999868631362915},"size":511.61334228515627,"orthographic":true}