{"cameraMode":{"drawMode":0,"name":"Shaded","section":"Shading Mode"},"sceneLighting":true,"audioPlay":false,"sceneViewState":{"showFog":true,"showMaterialUpdate":false,"showSkybox":true,"showFlares":true,"showImageEffects":true,"showParticleSystems":true},"in2DMode":false,"pivot":{"x":-77.62060546875,"y":1413.4969482421875,"z":2333.39404296875},"rotation":{"x":-0.15121154487133027,"y":0.32461798191070559,"z":-0.05265635997056961,"w":-0.9321945309638977},"size":2512.014892578125,"orthographic":false}