{"cameraMode":{"drawMode":0,"name":"Shaded","section":"Shading Mode"},"sceneLighting":true,"audioPlay":false,"sceneViewState":{"showFog":true,"showMaterialUpdate":false,"showSkybox":true,"showFlares":true,"showImageEffects":true,"showParticleSystems":true},"in2DMode":false,"pivot":{"x":1173.800048828125,"y":535.0,"z":-191.0999755859375},"rotation":{"x":0.31918373703956606,"y":-0.012793567031621933,"z":0.004309588577598333,"w":0.9475983381271362},"size":1912.3590087890625,"orthographic":true}