{"cameraMode":{"drawMode":0,"name":"Shaded","section":"Shading Mode"},"sceneLighting":true,"audioPlay":false,"sceneViewState":{"showFog":true,"showMaterialUpdate":false,"showSkybox":true,"showFlares":true,"showImageEffects":true,"showParticleSystems":true},"in2DMode":false,"pivot":{"x":1173.800048828125,"y":535.0,"z":-191.0999755859375},"rotation":{"x":0.2059752643108368,"y":0.20807698369026185,"z":-0.044868890196084979,"w":0.9551301002502441},"size":890.7543334960938,"orthographic":true}