{"cameraMode":{"drawMode":0,"name":"Shaded","section":"Shading Mode"},"sceneLighting":true,"audioPlay":false,"sceneViewState":{"showFog":true,"showMaterialUpdate":false,"showSkybox":true,"showFlares":true,"showImageEffects":true,"showParticleSystems":true},"in2DMode":false,"pivot":{"x":33.7386474609375,"y":515.4384155273438,"z":1033.14794921875},"rotation":{"x":0.20016422867774964,"y":0.22206056118011475,"z":-0.046634573489427569,"w":0.9531259536743164},"size":107.99209594726563,"orthographic":true}