{"cameraMode":{"drawMode":0,"name":"Shaded","section":"Shading Mode"},"sceneLighting":true,"audioPlay":false,"sceneViewState":{"showFog":true,"showMaterialUpdate":false,"showSkybox":true,"showFlares":true,"showImageEffects":true,"showParticleSystems":true},"in2DMode":false,"pivot":{"x":242.49996948242188,"y":581.0999755859375,"z":1000.0},"rotation":{"x":0.21220633387565614,"y":-0.22060401737689973,"z":0.049258001148700717,"w":0.950758695602417},"size":1073.7581787109375,"orthographic":true}